Tempo,Sinal
0.0,0.0
0.001,0.9586865446021899
0.002,-0.4129148175396755
0.003,-0.9623779916133397
0.004,-0.2679510331098139
0.005,0.2836621854632262
0.006,0.3495144944847721
0.007,-0.03897560308246366
0.008,-0.7385957136327609
0.009,-0.9427978041046798
0.01,-3.216245299353273e-16
0.011,0.9427978041046796
0.012,0.738595713632761
0.013,0.038975603082464304
0.014,-0.34951449448477234
0.015,-0.2836621854632264
0.016,0.2679510331098128
0.017,0.9623779916133406
0.018,0.4129148175396765
0.019,-0.9586865446021895
0.02,-1.133107779529596e-15
0.021,0.9586865446021886
0.022,-0.41291481753967446
0.023,-0.96237799161334
0.024,-0.26795103310981155
0.025,0.2836621854632277
0.026,0.34951449448477273
0.027,-0.03897560308246302
0.028,-0.738595713632761
0.029,-0.9427978041046801
0.03,-1.4089627996560444e-15
0.031,0.9427978041046791
0.032,0.7385957136327623
0.033,0.038975603082461396
0.034,-0.3495144944847734
0.035,-0.28366218546322497
0.036,0.2679510331098117
0.037,0.9623779916133394
0.038,0.41291481753967674
0.039,-0.9586865446021889
0.04,-2.266215559059192e-15
0.041,0.9586865446021877
0.042,-0.41291481753968234
0.043,-0.9623779916133406
0.044,-0.2679510331098135
0.045,0.2836621854632274
0.046,0.3495144944847725
0.047,-0.03897560308246326
0.048,-0.7385957136327636
0.049,-0.9427978041046787
0.05,4.1650370783741775e-15
0.051,0.9427978041046768
0.052,0.7385957136327628
0.053,0.03897560308246204
0.054,-0.3495144944847736
0.055,-0.2836621854632252
0.056,0.26795103310981233
0.057,0.9623779916133411
0.058,0.41291481753967857
0.059,-0.9586865446021853
0.06,-4.287501758288913e-15
0.061,0.9586865446021877
0.062,-0.4129148175396724
0.063,-0.9623779916133387
0.064,-0.2679510331098137
0.065,0.2836621854632272
0.066,0.34951449448477223
0.067,-0.03897560308246706
0.068,-0.7385957136327685
0.069,-0.9427978041046787
0.07,1.151539379580465e-14
0.071,0.9427978041046768
0.072,0.7385957136327626
0.073,0.0389756030824689
0.074,-0.3495144944847705
0.075,-0.2836621854632254
0.076,0.2679510331098121
0.077,0.9623779916133401
0.078,0.4129148175396804
0.079,-0.9586865446021913
0.08,-4.532431118118384e-15
0.081,0.9586865446021888
0.082,-0.41291481753968834
0.083,-0.9623779916133388
0.084,-0.2679510331098071
0.085,0.28366218546322697
0.086,0.349514494484772
0.087,-0.0389756030824602
0.088,-0.7385957136327591
0.089,-0.9427978041046833
0.09,-6.003245238368384e-15
0.091,0.9427978041046805
0.092,0.7385957136327624
0.093,0.03897560308246155
0.094,-0.3495144944847708
0.095,-0.2836621854632257
0.096,0.2679510331098187
0.097,0.9623779916133401
0.098,0.41291481753966447
0.099,-0.9586865446021913
0.1,1.298620791605465e-14
0.101,0.9586865446021899
0.102,-0.41291481753965575
0.103,-0.9623779916133427
0.104,-0.2679510331098142
0.105,0.28366218546322675
0.106,0.3495144944847751
0.107,-0.038975603082460446
0.108,-0.7385957136327593
0.109,-0.9427978041046797
0.11,1.2005252515463591e-14
0.111,0.9427978041046854
0.112,0.7385957136327623
0.113,0.03897560308246485
0.114,-0.34951449448477434
0.115,-0.2836621854632225
0.116,0.2679510331098116
0.117,0.96237799161334
0.118,0.41291481753969705
0.119,-0.9586865446021852
0.12,-8.575003516577825e-15
0.121,0.95868654460219
0.122,-0.41291481753968146
0.123,-0.9623779916133428
0.124,-0.26795103310981444
0.125,0.2836621854632265
0.126,0.34951449448476823
0.127,-0.03897560308247489
0.128,-0.7385957136327594
0.129,-0.9427978041046796
0.13,5.14475451769206e-15
0.131,0.9427978041046854
0.132,0.7385957136327526
0.133,0.03897560308246461
0.134,-0.34951449448477123
0.135,-0.28366218546322275
0.136,0.26795103310982504
0.137,0.9623779916133399
0.138,0.4129148175396649
0.139,-0.9586865446021952
0.14,3.381263126919872e-14
0.141,0.9586865446022022
0.142,-0.41291481753964887
0.143,-0.9623779916133428
0.144,-0.26795103310981466
0.145,0.28366218546322625
0.146,0.3495144944847747
0.147,-0.03897560308245383
0.148,-0.7385957136327597
0.149,-0.9427978041046795
0.15,5.3896838775215305e-15
0.151,0.9427978041046761
0.152,0.7385957136327667
0.153,0.038975603082464366
0.154,-0.34951449448477145
0.155,-0.28366218546322297
0.156,0.26795103310981117
0.157,0.9623779916133399
0.158,0.41291481753966514
0.159,-0.958686544602195
0.16,-9.064862236236767e-15
0.161,0.9586865446021902
0.162,-0.412914817539681
0.163,-0.9623779916133371
0.164,-0.26795103310980123
0.165,0.283662185463226
0.166,0.34951449448477445
0.167,-0.03897560308246828
0.168,-0.7385957136327742
0.169,-0.9427978041046724
0.17,5.6346132373510016e-15
0.171,0.9427978041046832
0.172,0.7385957136327665
0.173,0.03897560308246412
0.174,-0.3495144944847717
0.175,-0.28366218546323
0.176,0.2679510331098109
0.177,0.9623779916133398
0.178,0.4129148175397042
0.179,-0.9586865446021828
0.18,-1.641521895366724e-14
0.181,0.9586865446021902
0.182,-0.41291481753968073
0.183,-0.9623779916133449
0.184,-0.26795103310981516
0.185,0.2836621854632258
0.186,0.34951449448477423
0.187,-0.03897560308246852
0.188,-0.7385957136327551
0.189,-0.9427978041046794
0.19,5.879542597180472e-15
0.191,0.9427978041046833
0.192,0.738595713632752
0.193,0.038975603082463874
0.194,-0.3495144944847719
0.195,-0.28366218546322347
0.196,0.2679510331098244
0.197,0.9623779916133475
0.198,0.4129148175396721
0.199,-0.9586865446021949
0.2,2.59724158321093e-14
0.201,0.9586865446021802
0.202,-0.4129148175396805
0.203,-0.9623779916133373
0.204,-0.2679510331098359
0.205,0.28366218546321875
0.206,0.3495144944847806
0.207,-0.038975603082461674
0.208,-0.7385957136327601
0.209,-0.9427978041046816
0.21,-9.809554005910593e-16
0.211,0.9427978041046811
0.212,0.7385957136327519
0.213,0.03897560308247783
0.214,-0.3495144944847721
0.215,-0.28366218546323047
0.216,0.26795103310981044
0.217,0.9623779916133378
0.218,0.4129148175396658
0.219,-0.9586865446021928
0.22,3.283291382988083e-14
0.221,0.9586865446021782
0.222,-0.41291481753971265
0.223,-0.9623779916133431
0.224,-0.2679510331098156
0.225,0.2836621854632253
0.226,0.34951449448477373
0.227,-0.038975603082469015
0.228,-0.7385957136327747
0.229,-0.9427978041046745
0.23,3.479111074724342e-14
0.231,0.9427978041046929
0.232,0.7385957136327661
0.233,0.038975603082470486
0.234,-0.3495144944847724
0.235,-0.2836621854632239
0.236,0.2679510331097897
0.237,0.9623779916133319
0.238,0.4129148175397113
0.239,-0.9586865446021827
0.24,-1.715000703315565e-14
0.241,0.9586865446021924
0.242,-0.41291481753968007
0.243,-0.9623779916133374
0.244,-0.267951033109809
0.245,0.2836621854632319
0.246,0.34951449448478017
0.247,-0.03897560308244796
0.248,-0.7385957136327509
0.249,-0.9427978041046815
0.25,-4.91096680932118e-16
0.251,0.9427978041046812
0.252,0.7385957136327516
0.253,0.03897560308244894
0.254,-0.3495144944847793
0.255,-0.28366218546323096
0.256,0.26795103310980994
0.257,0.9623779916133376
0.258,0.4129148175396792
0.259,-0.9586865446021927
0.26,1.813220039501989e-14
0.261,0.9586865446021824
0.262,-0.4129148175397122
0.263,-0.9623779916133316
0.264,-0.26795103310978874
0.265,0.28366218546322486
0.266,0.3495144944847733
0.267,-0.03897560308246951
0.268,-0.7385957136327654
0.269,-0.9427978041046743
0.27,3.5280969466902364e-14
0.271,0.942797804104693
0.272,0.738595713632737
0.273,0.0389756030824416
0.274,-0.34951449448477284
0.275,-0.28366218546322436
0.276,0.26795103310981655
0.277,0.9623779916133473
0.278,0.41291481753964704
0.279,-0.9586865446022027
0.28,6.762526253839743e-14
0.281,0.9586865446021683
0.282,-0.41291481753961495
0.283,-0.9623779916133529
0.284,-0.26795103310983687
0.285,0.2836621854632178
0.286,0.3495144944847797
0.287,-0.03897560308244845
0.288,-0.7385957136327512
0.289,-0.9427978041046813
0.29,-1.2379612731767154e-18
0.291,0.9427978041046624
0.292,0.7385957136327799
0.293,0.03897560308247685
0.294,-0.3495144944847664
0.295,-0.2836621854632314
0.296,0.2679510331098095
0.297,0.9623779916133375
0.298,0.4129148175396796
0.299,-0.9586865446021926
0.3,1.7642341675360945e-14
0.301,0.9586865446022027
0.302,-0.4129148175396471
0.303,-0.9623779916133473
0.304,-0.26795103310981655
0.305,0.28366218546322436
0.306,0.34951449448477284
0.307,-0.038975603082469994
0.308,-0.7385957136327658
0.309,-0.9427978041046742
0.31,2.15599734713593e-14
0.311,0.9427978041046743
0.312,0.7385957136327654
0.313,0.03897560308246951
0.314,-0.3495144944847733
0.315,-0.28366218546322486
0.316,0.2679510331098161
0.317,0.9623779916133433
0.318,0.41291481753964754
0.319,-0.9586865446022026
0.32,-1.8129724472473535e-14
0.321,0.9586865446021927
0.322,-0.4129148175396792
0.323,-0.9623779916133376
0.324,-0.26795103310980994
0.325,0.28366218546323096
0.326,0.34951449448476596
0.327,-0.03897560308247734
0.328,-0.7385957136327802
0.329,-0.942797804104667
0.33,4.886207583857646e-16
0.331,0.9427978041046815
0.332,0.7385957136327509
0.333,0.03897560308244796
0.334,-0.34951449448478017
0.335,-0.28366218546321825
0.336,0.2679510331098364
0.337,0.9623779916133528
0.338,0.4129148175396154
0.339,-0.9586865446021924
0.34,1.7152482955702004e-14
0.341,0.9586865446021827
0.342,-0.4129148175397113
0.343,-0.9623779916133319
0.344,-0.26795103310983076
0.345,0.2836621854632239
0.346,0.3495144944847724
0.347,-0.038975603082442085
0.348,-0.7385957136327373
0.349,-0.9427978041046929
0.35,-3.4793586669789774e-14
0.351,0.9427978041046745
0.352,0.7385957136327747
0.353,0.038975603082469015
0.354,-0.34951449448477373
0.355,-0.2836621854632253
0.356,0.26795103310978824
0.357,0.9623779916133276
0.358,0.41291481753971265
0.359,-0.9586865446021782
0.36,-3.283043790733448e-14
0.361,0.9586865446021928
0.362,-0.4129148175396658
0.363,-0.9623779916133378
0.364,-0.26795103310981044
0.365,0.2836621854632305
0.366,0.3495144944847788
0.367,-0.03897560308244943
0.368,-0.7385957136327519
0.369,-0.9427978041046811
0.37,9.784794780447059e-16
0.371,0.9427978041046816
0.372,0.7385957136327601
0.373,0.038975603082461674
0.374,-0.3495144944847806
0.375,-0.28366218546323235
0.376,0.26795103310979485
0.377,0.9623779916133373
0.378,0.4129148175396805
0.379,-0.9586865446021923
0.38,1.6662624236043064e-14
0.381,0.9586865446021828
0.382,-0.41291481753969794
0.383,-0.962377991613332
0.384,-0.2679510331097901
0.385,0.28366218546322347
0.386,0.3495144944847719
0.387,-0.03897560308247097
0.388,-0.7385957136327663
0.389,-0.9427978041046738
0.39,2.2539690910677182e-14
0.391,0.9427978041046888
0.392,0.7385957136327456
0.393,0.03897560308244013
0.394,-0.34951449448477423
0.395,-0.2836621854632258
0.396,0.26795103310981516
0.397,0.9623779916133429
0.398,0.4129148175396484
0.399,-0.9586865446022024
0.4,5.19448316642186e-14
0.401,0.9586865446021727
0.402,-0.4129148175397301
0.403,-0.9623779916133225
0.404,-0.2679510331098109
0.405,0.2836621854632437
0.406,0.34951449448477834
0.407,-0.03897560308244992
0.408,-0.7385957136327139
0.409,-0.9427978041046856
0.41,-6.958593537830637e-14
0.411,0.9427978041046818
0.412,0.7385957136327885
0.413,0.03897560308246118
0.414,-0.3495144944847678
0.415,-0.2836621854632192
0.416,0.2679510331097944
0.417,0.9623779916133216
0.418,0.41291481753968096
0.419,-0.9586865446021638
0.42,1.9619108011821185e-15
0.421,0.9586865446022032
0.422,-0.41291481753971043
0.423,-0.9623779916133438
0.424,-0.2679510331098043
0.425,0.28366218546322297
0.426,0.3495144944847848
0.427,-0.038975603082471465
0.428,-0.7385957136327284
0.429,-0.9427978041046784
0.43,-4.8024723945673896e-14
0.431,0.9427978041046843
0.432,0.738595713632774
0.433,0.03897560308245384
0.434,-0.3495144944847747
0.435,-0.28366218546321265
0.436,0.26795103310981466
0.437,0.9623779916133313
0.438,0.41291481753964887
0.439,-0.958686544602182
0.44,6.566582765976166e-14
0.441,0.9586865446021932
0.442,-0.4129148175397426
0.443,-0.9623779916133419
0.444,-0.2679510331097703
0.445,0.2836621854632296
0.446,0.34951449448476457
0.447,-0.03897560308246461
0.448,-0.7385957136327429
0.449,-0.9427978041046712
0.45,1.9581969173625882e-15
0.451,0.9427978041047009
0.452,0.7385957136327594
0.453,0.038975603082432295
0.454,-0.34951449448476823
0.455,-0.2836621854632333
0.456,0.2679510331098487
0.457,0.9623779916133332
0.458,0.41291481753961673
0.459,-0.958686544602192
0.46,1.009480350879372e-13
0.461,0.958686544602183
0.462,-0.4129148175397747
0.463,-0.9623779916133323
0.464,-0.26795103310981844
0.465,0.2836621854632361
0.466,0.349514494484771
0.467,-0.038975603082486154
0.468,-0.7385957136327574
0.469,-0.9427978041046925
0.47,2.3519408349995066e-14
0.471,0.9427978041046702
0.472,0.7385957136328024
0.473,0.03897560308246755
0.474,-0.3495144944847618
0.475,-0.28366218546322675
0.476,0.26795103310977314
0.477,0.9623779916133427
0.478,0.412914817539714
0.479,-0.958686544602202
0.48,-3.43000140663113e-14
0.481,0.9586865446022216
0.482,-0.41291481753965154
0.483,-0.9623779916133536
0.484,-0.26795103310981183
0.485,0.2836621854632155
0.486,0.34951449448477745
0.487,-0.0389756030824509
0.488,-0.738595713632772
0.489,-0.9427978041046853
0.49,4.508061978262754e-14
0.491,0.9427978041046774
0.492,0.7385957136327879
0.493,0.038975603082446006
0.494,-0.34951449448475536
0.495,-0.28366218546322014
0.496,0.2679510331098071
0.497,0.9623779916133522
0.498,0.4129148175396819
0.499,-0.9586865446022121
0.5,9.82193361864236e-16
0.501,0.9586865446022115
0.502,-0.4129148175396837
0.503,-0.9623779916133518
0.504,-0.2679510331098052
0.505,0.283662185463222
0.506,0.34951449448475724
0.507,-0.03897560308247244
0.508,-0.7385957136327865
0.509,-0.9427978041046781
0.51,-4.7045006506356015e-14
0.511,0.9427978041046846
0.512,0.7385957136327733
0.513,0.03897560308245286
0.514,-0.34951449448477556
0.515,-0.2836621854632136
0.516,0.2679510331098137
0.517,0.9623779916133541
0.518,0.41291481753964976
0.519,-0.9586865446022221
0.52,3.626440079003978e-14
0.521,0.9586865446021934
0.522,-0.4129148175397158
0.523,-0.9623779916133421
0.524,-0.26795103310977125
0.525,0.28366218546322863
0.526,0.3495144944847636
0.527,-0.03897560308246559
0.528,-0.7385957136328011
0.529,-0.9427978041046708
0.53,-2.5483795073723536e-14
0.531,0.9427978041046918
0.532,0.7385957136327588
0.533,0.038975603082431316
0.534,-0.3495144944847692
0.535,-0.283662185463207
0.536,0.2679510331098203
0.537,0.9623779916133637
0.538,0.4129148175396176
0.539,-0.9586865446021917
0.54,9.996831764861932e-14
0.541,0.9586865446021834
0.542,-0.41291481753974796
0.543,-0.9623779916133326
0.544,-0.26795103310976465
0.545,0.2836621854632352
0.546,0.34951449448477007
0.547,-0.03897560308248713
0.548,-0.7385957136327581
0.549,-0.9427978041046637
0.55,2.4499125789312947e-14
0.551,0.9427978041047085
0.552,0.7385957136327442
0.553,0.03897560308240977
0.554,-0.3495144944847894
0.555,-0.28366218546320043
0.556,0.26795103310985435
0.557,0.9623779916133733
0.558,0.4129148175395855
0.559,-0.9586865446022018
0.56,1.3525052507679487e-13
0.561,0.9586865446021733
0.562,-0.41291481753978004
0.563,-0.9623779916133539
0.564,-0.26795103310989493
0.565,0.28366218546321453
0.566,0.3495144944847765
0.567,-0.038975603082451876
0.568,-0.7385957136327151
0.569,-0.9427978041046849
0.57,-6.76265004996706e-14
0.571,0.9427978041046777
0.572,0.7385957136327872
0.573,0.03897560308250182
0.574,-0.3495144944847563
0.575,-0.28366218546324834
0.576,0.26795103310980617
0.577,0.9623779916133212
0.578,0.4129148175396828
0.579,-0.9586865446021633
0.58,2.475922546353431e-18
0.581,0.9586865446022118
0.582,-0.41291481753955334
0.583,-0.962377991613352
0.584,-0.26795103310986096
0.585,0.2836621854632211
0.586,0.34951449448478294
0.587,-0.03897560308247342
0.588,-0.7385957136327297
0.589,-0.9427978041046777
0.59,-4.606528906703813e-14
0.591,0.9427978041046849
0.592,0.7385957136327727
0.593,0.03897560308250868
0.594,-0.3495144944847765
0.595,-0.2836621854632418
0.596,0.2679510331098128
0.597,0.9623779916133229
0.598,0.41291481753965065
0.599,-0.9586865446021733
0.6,3.528468335072189e-14
0.601,0.9586865446022018
0.602,-0.4129148175395855
0.603,-0.9623779916133425
0.604,-0.26795103310985435
0.605,0.2836621854632277
0.606,0.3495144944847894
0.607,-0.038975603082466566
0.608,-0.7385957136327442
0.609,-0.9427978041046705
0.61,-2.4504077634405655e-14
0.611,0.9427978041046637
0.612,0.7385957136327581
0.613,0.03897560308248714
0.614,-0.34951449448477007
0.615,-0.2836621854632352
0.616,0.2679510331098194
0.617,0.9623779916133326
0.618,0.4129148175396185
0.619,-0.9586865446021834
0.62,7.056689077889743e-14
0.621,0.9586865446021917
0.622,-0.4129148175396176
0.623,-0.9623779916133328
0.624,-0.2679510331098203
0.625,0.28366218546323424
0.626,0.3495144944847692
0.627,-0.03897560308248811
0.628,-0.7385957136327588
0.629,-0.9427978041046634
0.63,2.547884322863083e-14
0.631,0.9427978041046708
0.632,0.7385957136327436
0.633,0.038975603082465594
0.634,-0.3495144944847903
0.635,-0.28366218546322863
0.636,0.2679510331098534
0.637,0.9623779916133421
0.638,0.41291481753958637
0.639,-0.9586865446021934
0.64,-3.625944894494707e-14
0.641,0.9586865446021736
0.642,-0.41291481753964976
0.643,-0.9623779916133309
0.644,-0.2679510331098137
0.645,0.28366218546324085
0.646,0.34951449448477556
0.647,-0.038975603082509656
0.648,-0.7385957136327733
0.649,-0.9427978041046846
0.65,4.704005466126331e-14
0.651,0.9427978041046781
0.652,0.738595713632729
0.653,0.03897560308247245
0.654,-0.34951449448478383
0.655,-0.283662185463222
0.656,0.26795103310986
0.657,0.9623779916133518
0.658,0.4129148175395542
0.659,-0.9586865446022116
0.66,-9.772415167715292e-16
0.661,0.9586865446021636
0.662,-0.4129148175396819
0.663,-0.9623779916133214
0.664,-0.2679510331098071
0.665,0.2836621854632474
0.666,0.3495144944847554
0.667,-0.0389756030825028
0.668,-0.7385957136327879
0.669,-0.9427978041046774
0.67,6.860126609389578e-14
0.671,0.9427978041046853
0.672,0.7385957136327145
0.673,0.038975603082450905
0.674,-0.3495144944847774
0.675,-0.2836621854632155
0.676,0.267951033109894
0.677,0.9623779916133536
0.678,0.41291481753965154
0.679,-0.9586865446022216
0.68,3.430496591140401e-14
0.681,0.9586865446021535
0.682,-0.41291481753971404
0.683,-0.9623779916133118
0.684,-0.26795103310977314
0.685,0.283662185463254
0.686,0.3495144944847618
0.687,-0.038975603082524346
0.688,-0.7385957136327449
0.689,-0.9427978041047081
0.69,-2.352436019508777e-14
0.691,0.9427978041046545
0.692,0.7385957136327574
0.693,0.038975603082486154
0.694,-0.349514494484771
0.695,-0.2836621854632361
0.696,0.2679510331097637
0.697,0.9623779916133323
0.698,0.4129148175397747
0.699,-0.958686544602183
0.7,-1.009430832428445e-13
0.701,0.958686544602192
0.702,-0.41291481753961673
0.703,-0.962377991613364
0.704,-0.2679510331098487
0.705,0.28366218546320604
0.706,0.34951449448476823
0.707,-0.03897560308243229
0.708,-0.7385957136327594
0.709,-0.9427978041047009
0.71,-1.963148762455295e-15
0.711,0.9427978041046712
0.712,0.7385957136328004
0.713,0.03897560308246461
0.714,-0.34951449448476457
0.715,-0.2836621854632296
0.716,0.2679510331097703
0.717,0.9623779916133419
0.718,0.4129148175397426
0.719,-0.9586865446021932
0.72,-6.566087581466896e-14
0.721,0.958686544602182
0.722,-0.41291481753964887
0.723,-0.9623779916133621
0.724,-0.26795103310981466
0.725,0.28366218546321265
0.726,0.3495144944847747
0.727,-0.03897560308245383
0.728,-0.738595713632774
0.729,-0.9427978041046843
0.73,4.801977210058119e-14
0.731,0.9427978041046784
0.732,0.7385957136327859
0.733,0.038975603082471465
0.734,-0.34951449448475813
0.735,-0.28366218546322297
0.736,0.2679510331098043
0.737,0.9623779916133438
0.738,0.41291481753971043
0.739,-0.9586865446022032
0.74,-1.9569589560894117e-15
0.741,0.9586865446022124
0.742,-0.412914817539681
0.743,-0.9623779916133526
0.744,-0.26795103310980806
0.745,0.2836621854632192
0.746,0.3495144944847811
0.747,-0.03897560308244698
0.748,-0.7385957136327885
0.749,-0.9427978041046771
0.75,-4.4105854188402365e-14
0.751,0.9427978041046856
0.752,0.7385957136327713
0.753,0.038975603082449926
0.754,-0.34951449448477834
0.755,-0.2836621854632164
0.756,0.2679510331098109
0.757,0.9623779916133534
0.758,0.4129148175396783
0.759,-0.9586865446022212
0.76,3.332524847208613e-14
0.761,0.9586865446022024
0.762,-0.4129148175397131
0.763,-0.9623779916133429
0.764,-0.2679510331097741
0.765,0.2836621854632258
0.766,0.3495144944847609
0.767,-0.03897560308246852
0.768,-0.7385957136328031
0.769,-0.94279780410467
0.77,-2.254464275576989e-14
0.771,0.9427978041046927
0.772,0.7385957136327568
0.773,0.03897560308242838
0.774,-0.3495144944847719
0.775,-0.2836621854632098
0.776,0.2679510331098175
0.777,0.9623779916133629
0.778,0.41291481753964615
0.779,-0.9586865446021828
0.78,6.860745590026167e-14
0.781,0.9586865446021923
0.782,-0.41291481753974524
0.783,-0.9623779916133334
0.784,-0.2679510331097675
0.785,0.28366218546323235
0.786,0.34951449448476735
0.787,-0.03897560308249007
0.788,-0.7385957136328176
0.789,-0.9427978041046627
0.79,-9.834313231374127e-16
0.791,0.9427978041046999
0.792,0.7385957136327614
0.793,0.03897560308243524
0.794,-0.34951449448476546
0.795,-0.2836621854632032
0.796,0.2679510331098515
0.797,0.9623779916133726
0.798,0.412914817539614
0.799,-0.9586865446021928
0.8,1.038896633284372e-13
0.801,0.9586865446021823
0.802,-0.4129148175397774
0.803,-0.9623779916133315
0.804,-0.26795103310973345
0.805,0.2836621854632117
0.806,0.34951449448477373
0.807,-0.03897560308248321
0.808,-0.7385957136327554
0.809,-0.9427978041046555
0.81,2.0577780109495062e-14
0.811,0.9427978041047071
0.812,0.7385957136327469
0.813,0.03897560308252729
0.814,-0.3495144944847591
0.815,-0.28366218546325117
0.816,0.2679510331097212
0.817,0.9623779916133435
0.818,0.4129148175397113
0.819,-0.9586865446021625
0.82,-2.0188864240823536e-13
0.821,0.9586865446021642
0.822,-0.41291481753968007
0.823,-0.9623779916133528
0.824,-0.2679510331098638
0.825,0.283662185463191
0.826,0.3495144944847536
0.827,-0.038975603082447956
0.828,-0.7385957136327317
0.829,-0.9427978041047147
0.83,4.213899154212754e-14
0.831,0.9427978041046859
0.832,0.7385957136327899
0.833,0.038975603082534144
0.834,-0.3495144944847793
0.835,-0.2836621854632173
0.836,0.2679510331097826
0.837,0.9623779916133299
0.838,0.41291481753980863
0.839,-0.958686544602221
0.84,3.923821602364237e-15
0.841,0.9586865446022026
0.842,-0.41291481753955694
0.843,-0.9623779916133741
0.844,-0.267951033109775
0.845,0.28366218546322486
0.846,0.3495144944847866
0.847,-0.0389756030824127
0.848,-0.7385957136327845
0.849,-0.9427978041046696
0.85,-4.9986634746856016e-14
0.851,0.9427978041046552
0.852,0.7385957136328136
0.853,0.0389756030824558
0.854,-0.34951449448479943
0.855,-0.283662185463238
0.856,0.2679510331097618
0.857,0.9623779916133549
0.858,0.41291481753962117
0.859,-0.9586865446021825
0.86,-1.3132422755188428e-13
0.861,0.9586865446022411
0.862,-0.41291481753974435
0.863,-0.9623779916133336
0.864,-0.2679510331098506
0.865,0.2836621854632042
0.866,0.3495144944847664
0.867,-0.038975603082491046
0.868,-0.7385957136327608
0.869,-0.9427978041047003
0.87,1.4210483326820052e-13
0.871,0.9427978041047003
0.872,0.7385957136327608
0.873,0.03897560308249105
0.874,-0.3495144944847664
0.875,-0.28366218546320415
0.876,0.2679510331098506
0.877,0.9623779916133336
0.878,0.41291481753974435
0.879,-0.9586865446022411
0.88,1.3133165531952332e-13
0.881,0.9586865446021825
0.882,-0.41291481753962117
0.883,-0.9623779916133549
0.884,-0.2679510331097618
0.885,0.283662185463238
0.886,0.3495144944847462
0.887,-0.03897560308245579
0.888,-0.7385957136328136
0.889,-0.9427978041046552
0.89,4.997920697921695e-14
0.891,0.9427978041046696
0.892,0.7385957136327845
0.893,0.038975603082412706
0.894,-0.3495144944847866
0.895,-0.28366218546322486
0.896,0.267951033109775
0.897,0.9623779916133741
0.898,0.4129148175395569
0.899,-0.9586865446022026
0.9,-3.9163938347251765e-15
0.901,0.958686544602221
0.902,-0.41291481753980863
0.903,-0.9623779916133299
0.904,-0.2679510331097826
0.905,0.28366218546321736
0.906,0.3495144944847793
0.907,-0.03897560308253414
0.908,-0.7385957136327899
0.909,-0.9427978041046859
0.91,-4.21464193097666e-14
0.911,0.9427978041047147
0.912,0.7385957136327317
0.913,0.03897560308244796
0.914,-0.3495144944847535
0.915,-0.283662185463191
0.916,0.2679510331098638
0.917,0.9623779916133528
0.918,0.41291481753968007
0.919,-0.9586865446021642
0.92,2.018960701758744e-13
0.921,0.9586865446021625
0.922,-0.41291481753968545
0.923,-0.9623779916133512
0.924,-0.2679510331096938
0.925,0.28366218546325117
0.926,0.3495144944847591
0.927,-0.03897560308244208
0.928,-0.7385957136327277
0.929,-0.9427978041046409
0.93,9.31016298444819e-14
0.931,0.942797804104684
0.932,0.7385957136327554
0.933,0.03897560308236962
0.934,-0.34951449448477373
0.935,-0.2836621854632117
0.936,0.26795103310984303
0.937,0.9623779916133933
0.938,0.4129148175397515
0.939,-0.9586865446021257
0.94,6.66480210216259e-14
0.941,0.9586865446022009
0.942,-0.41291481753961407
0.943,-0.9623779916133726
0.944,-0.2679510331099336
0.945,0.2836621854632305
0.946,0.3495144944847921
0.947,-0.03897560308240683
0.948,-0.7385957136327039
0.949,-0.9427978041046715
0.95,9.760035554983525e-16
0.951,0.9427978041046722
0.952,0.7385957136328176
0.953,0.038975603082518476
0.954,-0.34951449448479394
0.955,-0.28366218546323235
0.956,0.2679510331097675
0.957,0.9623779916133102
0.958,0.41291481753961584
0.959,-0.9586865446021842
0.96,-6.86000281326226e-14
0.961,0.9586865446022232
0.962,-0.4129148175394909
0.963,-0.962377991613332
0.964,-0.2679510331098449
0.965,0.2836621854632098
0.966,0.3495144944847719
0.967,-0.03897560308248517
0.968,-0.7385957136327568
0.969,-0.9427978041046833
0.97,-9.11496227334852e-14
0.971,0.9427978041046983
0.972,0.7385957136327264
0.973,0.03897560308249693
0.974,-0.3495144944847609
0.975,-0.28366218546325306
0.976,0.26795103310985624
0.977,0.9623779916133507
0.978,0.412914817539739
0.979,-0.9586865446021618
0.98,1.3721243587797697e-13
0.981,0.9586865446021647
0.982,-0.4129148175396783
0.983,-0.9623779916133534
0.984,-0.2679510331098657
0.985,0.2836621854632437
0.986,0.3495144944847517
0.987,-0.03897560308244991
0.988,-0.738595713632733
0.989,-0.9427978041046572
0.99,4.409842642076331e-14
0.991,0.9427978041046866
0.992,0.7385957136327885
0.993,0.03897560308253219
0.994,-0.3495144944847811
0.995,-0.2836621854632192
0.996,0.2679510331097807
0.997,0.9623779916133139
0.998,0.41291481753955156
0.999,-0.9586865446022205
1.0,1.964386723728472e-15
1.001,0.9586865446022032
1.002,-0.4129148175395551
1.003,-0.9623779916133747
1.004,-0.2679510331097769
1.005,0.28366218546322297
1.006,0.3495144944847848
1.007,-0.03897560308241466
1.008,-0.7385957136327859
1.009,-0.9427978041047447
1.01,-4.802719986822025e-14
1.011,0.9427978041046559
1.012,0.7385957136326974
1.013,0.038975603082567443
1.014,-0.34951449448474803
1.015,-0.2836621854632399
1.016,0.26795103310986945
1.017,0.9623779916132926
1.018,0.41291481753967474
1.019,-0.958686544602182
1.02,-1.3328366243052004e-13
1.021,0.9586865446022417
1.022,-0.4129148175397426
1.023,-0.9623779916133341
1.024,-0.26795103310985247
1.025,0.2836621854632023
1.026,0.34951449448476457
1.027,-0.038975603082379406
1.028,-0.7385957136327621
1.029,-0.9427978041046996
1.03,8.722084928602825e-14
1.031,0.9427978041046251
1.032,0.7385957136327594
1.033,0.038975603082489096
1.034,-0.34951449448476823
1.035,-0.28366218546326055
1.036,0.2679510331098487
1.037,0.9623779916133332
1.038,0.4129148175394873
1.039,-0.9586865446021435
1.04,7.252880158007955e-14
1.041,0.958686544602183
1.042,-0.4129148175396194
1.043,-0.9623779916133555
1.044,-0.2679510331097637
1.045,0.2836621854631816
1.046,0.34951449448479766
1.047,-0.038975603082457747
1.048,-0.738595713632815
1.049,-0.9427978041047304
1.05,-4.904777002955296e-15
1.051,0.9427978041046702
1.052,0.7385957136326683
1.053,0.03897560308252435
1.054,-0.34951449448478844
1.055,-0.28366218546322675
1.056,0.26795103310993745
1.057,0.9623779916133118
1.058,0.41291481753961046
1.059,-0.958686544602202
1.06,-6.271924757416895e-14
1.061,0.9586865446022216
1.062,-0.41291481753980686
1.063,-0.9623779916133922
1.064,-0.26795103310978446
1.065,0.2836621854632155
1.066,0.34951449448477745
1.067,-0.0389756030824225
1.068,-0.7385957136327912
1.069,-0.9427978041046853
1.07,1.8718669101210123e-13
1.071,0.9427978041046395
1.072,0.7385957136327304
1.073,0.038975603082446006
1.074,-0.34951449448480865
1.075,-0.2836621854632474
1.076,0.2679510331098619
1.077,0.9623779916133522
1.078,0.41291481753968184
1.079,-0.9586865446021636
1.08,1.9993663529723863e-13
1.081,0.9586865446021631
1.082,-0.4129148175396837
1.083,-0.9623779916133517
1.084,-0.2679510331097505
1.085,0.28366218546319477
1.086,0.34951449448475724
1.087,-0.03897560308244404
1.088,-0.738595713632844
1.089,-0.9427978041047159
1.09,9.506106472311767e-14
1.091,0.9427978041046846
1.092,0.7385957136326392
1.093,0.03897560308248126
1.094,-0.34951449448477556
1.095,-0.2836621854632136
1.096,0.26795103310984114
1.097,0.9623779916133309
1.098,0.4129148175395462
1.099,-0.9586865446022221
1.1,6.468858614299014e-14
1.101,0.9586865446022015
1.102,-0.41291481753987114
1.103,-0.962377991613373
1.104,-0.26795103310977125
1.105,0.28366218546322863
1.106,0.34951449448473704
1.107,-0.038975603082408786
1.108,-0.7385957136328202
1.109,-0.9427978041046708
1.11,2.303091138773662e-13
1.111,0.9427978041046539
1.112,0.7385957136327013
1.113,0.03897560308245972
1.114,-0.34951449448479577
1.115,-0.28366218546323424
1.116,0.2679510331098751
1.117,0.9623779916133715
1.118,0.4129148175396176
1.119,-0.9586865446021836
1.12,2.7050105015358974e-13
1.121,0.95868654460224
1.122,-0.41291481753974796
1.123,-0.9623779916133326
1.124,-0.2679510331096825
1.125,0.2836621854632079
1.126,0.34951449448477007
1.127,-0.038975603082487126
1.128,-0.7385957136326431
1.129,-0.9427978041047016
1.13,-8.919018785484943e-14
1.131,0.9427978041046989
1.132,0.7385957136328783
1.133,0.038975603082494974
1.134,-0.34951449448476274
1.135,-0.28366218546320043
1.136,0.26795103310969004
1.137,0.9623779916133347
1.138,0.4129148175397408
1.139,-0.9586865446022422
1.14,-2.0580751216550688e-13
1.141,0.9586865446021814
1.142,-0.4129148175396765
1.143,-0.9623779916133539
1.144,-0.26795103310986756
1.145,0.2836621854632418
1.146,0.34951449448480315
1.147,-0.038975603082451876
1.148,-0.7385957136327344
1.149,-0.9427978041046565
1.15,-1.8131581414383298e-13
1.151,0.9427978041046872
1.152,0.7385957136327872
1.153,0.03897560308241663
1.154,-0.34951449448472965
1.155,-0.2836621854632211
1.156,0.2679510331097788
1.157,0.9623779916133752
1.158,0.4129148175398122
1.159,-0.9586865446022037
1.16,4.951845092706862e-18
1.161,0.9586865446022037
1.162,-0.41291481753955334
1.163,-0.9623779916133134
1.164,-0.2679510331099431
1.165,0.2836621854632211
1.166,0.34951449448478294
1.167,-0.038975603082530216
1.168,-0.7385957136326722
1.169,-0.9427978041046872
1.17,-4.6067764989584485e-14
1.171,0.9427978041047134
1.172,0.7385957136328493
1.173,0.03897560308245188
1.174,-0.34951449448474986
1.175,-0.2836621854631873
1.176,0.26795103310975804
1.177,0.9623779916133539
1.178,0.4129148175396765
1.179,-0.9586865446021814
1.18,-1.352430973091558e-13
1.181,0.9586865446021452
1.182,-0.4129148175397408
1.183,-0.9623779916133347
1.184,-0.26795103310985435
1.185,0.28366218546325495
1.186,0.349514494484816
1.187,-0.03897560308249496
1.188,-0.7385957136327634
1.189,-0.9427978041046421
1.19,-1.3819339127856803e-13
1.191,0.9427978041047016
1.192,0.7385957136327581
1.193,0.038975603082373536
1.194,-0.34951449448477007
1.195,-0.2836621854632079
1.196,0.2679510331098468
1.197,0.9623779916133326
1.198,0.4129148175397479
1.199,-0.95868654460224
1.2,7.056936670144378e-14
1.201,0.9586865446021836
1.202,-0.4129148175396176
1.203,-0.9623779916133097
1.204,-0.2679510331098751
1.205,0.28366218546323424
1.206,0.34951449448479577
1.207,-0.038975603082516505
1.208,-0.7385957136327013
1.209,-0.9427978041046539
1.21,-2.9453421243195312e-15
1.211,0.9427978041047467
1.212,0.7385957136328203
1.213,0.03897560308240879
1.214,-0.3495144944847903
1.215,-0.2836621854631741
1.216,0.26795103310977125
1.217,0.962377991613373
1.218,0.41291481753961223
1.219,-0.9586865446022015
1.22,-6.467868245280473e-14
1.221,0.9586865446021251
1.222,-0.41291481753954623
1.223,-0.9623779916133309
1.224,-0.26795103310984114
1.225,0.2836621854632681
1.226,0.3495144944847756
1.227,-0.038975603082481255
1.228,-0.7385957136327924
1.229,-0.9427978041046088
1.23,-9.507096841330308e-14
1.231,0.9427978041047159
1.232,0.738595713632729
1.233,0.038975603082330446
1.234,-0.34951449448475724
1.235,-0.28366218546319477
1.236,0.26795103310986
1.237,0.9623779916133518
1.238,0.4129148175396837
1.239,-0.95868654460226
1.24,1.4113378155779486e-13
1.241,0.9586865446021636
1.242,-0.4129148175396819
1.243,-0.9623779916132905
1.244,-0.2679510331098619
1.245,0.2836621854632474
1.246,0.3495144944847554
1.247,-0.038975603082559596
1.248,-0.7385957136327304
1.249,-0.9427978041046395
1.25,4.017708074094542e-14
1.251,0.9427978041046094
1.252,0.7385957136327912
1.253,0.038975603082479306
1.254,-0.3495144944847774
1.255,-0.28366218546326993
1.256,0.26795103310978446
1.257,0.9623779916133305
1.258,0.412914817539548
1.259,-0.9586865446021245
1.26,6.272915126435437e-14
1.261,0.958686544602202
1.262,-0.41291481753961046
1.263,-0.9623779916133736
1.264,-0.26795103310977314
1.265,0.28366218546317223
1.266,0.34951449448478844
1.267,-0.03897560308241074
1.268,-0.7385957136328215
1.269,-0.942797804104746
1.27,4.894873312769882e-15
1.271,0.9427978041046545
1.272,0.7385957136327
1.273,0.03897560308257136
1.274,-0.3495144944847976
1.275,-0.2836621854632361
1.276,0.2679510331098732
1.277,0.9623779916133092
1.278,0.4129148175396194
1.279,-0.958686544602183
1.28,-7.251889788989414e-14
1.281,0.9586865446022406
1.282,-0.4129148175397461
1.283,-0.9623779916133332
1.284,-0.2679510331098487
1.285,0.28366218546320604
1.286,0.34951449448476823
1.287,-0.038975603082375486
1.288,-0.7385957136327594
1.289,-0.9427978041047009
1.29,1.401429224670184e-13
1.291,0.9427978041046239
1.292,0.7385957136327621
1.293,0.03897560308249302
1.294,-0.3495144944848178
1.295,-0.2836621854632568
1.296,0.26795103310985247
1.297,0.9623779916133341
1.298,0.4129148175397426
1.299,-0.9586865446021446
1.3,1.3329356612070544e-13
1.301,0.958686544602182
1.302,-0.41291481753967474
1.303,-0.9623779916133544
1.304,-0.26795103310975993
1.305,0.2836621854631854
1.306,0.34951449448474803
1.307,-0.03897560308245383
1.308,-0.7385957136328123
1.309,-0.9427978041047317
1.31,4.801729617803484e-14
1.311,0.942797804104669
1.312,0.7385957136326708
1.313,0.03897560308252827
1.314,-0.3495144944847848
1.315,-0.28366218546322297
1.316,0.26795103310994123
1.317,0.9623779916133128
1.318,0.4129148175395551
1.319,-0.9586865446022032
1.32,-1.9544830335430583e-15
1.321,0.9586865446022205
1.322,-0.4129148175398104
1.323,-0.9623779916133757
1.324,-0.2679510331097807
1.325,0.2836621854632192
1.326,0.3495144944847278
1.327,-0.038975603082418576
1.328,-0.7385957136327885
1.329,-0.9427978041046866
1.33,1.8326534533228334e-13
1.331,0.9427978041046572
1.332,0.738595713632733
1.333,0.038975603082449926
1.334,-0.349514494484805
1.335,-0.2836621854632436
1.336,0.2679510331098657
1.337,0.9623779916133534
1.338,0.4129148175396783
1.339,-0.9586865446021647
1.34,2.0385798097705652e-13
1.341,0.9586865446021618
1.342,-0.412914817539739
1.343,-0.9623779916133507
1.344,-0.2679510331096919
1.345,0.28366218546319855
1.346,0.3495144944847609
1.347,-0.038975603082496924
1.348,-0.7385957136328414
1.349,-0.9427978041046984
1.35,9.113971904329979e-14
1.351,0.9427978041046833
1.352,0.7385957136326419
1.353,0.03897560308248518
1.354,-0.3495144944847719
1.355,-0.2836621854632098
1.356,0.2679510331098449
1.357,0.962377991613332
1.358,0.41291481753949083
1.359,-0.9586865446022232
1.36,6.860993182280802e-14
1.361,0.9586865446021842
1.362,-0.4129148175398747
1.363,-0.962377991613372
1.364,-0.2679510331097675
1.365,0.28366218546323235
1.366,0.3495144944847407
1.367,-0.038975603082404865
1.368,-0.7385957136328176
1.369,-0.9427978041046722
1.37,2.263877681975483e-13
1.371,0.9427978041046715
1.372,0.7385957136327039
1.373,0.038975603082406836
1.374,-0.3495144944847921
1.375,-0.28366218546323047
1.376,0.26795103310976937
1.377,0.9623779916133726
1.378,0.4129148175398729
1.379,-0.9586865446022009
1.38,-6.663811733144049e-14
1.381,0.9586865446022227
1.382,-0.41291481753949266
1.383,-0.9623779916133315
1.384,-0.26795103310984303
1.385,0.2836621854632117
1.386,0.34951449448477373
1.387,-0.03897560308248321
1.388,-0.7385957136326405
1.389,-0.942797804104684
1.39,-9.311153353466732e-14
1.391,0.9427978041047166
1.392,0.7385957136328427
1.393,0.03897560308244209
1.394,-0.3495144944847591
1.395,-0.28366218546319666
1.396,0.2679510331096938
1.397,0.9623779916133512
1.398,0.41291481753968545
1.399,-0.9586865446021625
1.4,-2.01886166485689e-13
1.401,0.9586865446021642
1.402,-0.4129148175396801
1.403,-0.9623779916133528
1.404,-0.2679510331098638
1.405,0.2836621854632455
1.406,0.3495144944848068
1.407,-0.038975603082447956
1.408,-0.7385957136327317
1.409,-0.9427978041046389
1.41,-1.8523715982365087e-13
1.411,0.9427978041046859
1.412,0.7385957136327899
1.413,0.03897560308242055
1.414,-0.3495144944847792
1.415,-0.2836621854632173
1.416,0.2679510331097826
1.417,0.9623779916133917
1.418,0.41291481753980863
1.419,-0.958686544602221
1.42,3.92629752491059e-15
1.421,0.9586865446022026
1.422,-0.41291481753955694
1.423,-0.9623779916133124
1.424,-0.26795103310993934
1.425,0.28366218546322486
1.426,0.3495144944847866
1.427,-0.0389756030825263
1.428,-0.7385957136326696
1.429,-0.9427978041046696
1.43,-4.9989110669402366e-14
1.431,0.942797804104731
1.432,0.7385957136328136
1.433,0.038975603082455804
1.434,-0.3495144944847462
1.435,-0.2836621854631835
1.436,0.2679510331097618
1.437,0.9623779916133549
1.438,0.41291481753962117
1.439,-0.9586865446021825
1.44,-1.3132175162933792e-13
1.441,0.9586865446021441
1.442,-0.41291481753974435
1.443,-0.9623779916133336
1.444,-0.2679510331098506
1.445,0.2836621854632587
1.446,0.3495144944847664
1.447,-0.038975603082491046
1.448,-0.7385957136327608
1.449,-0.9427978041046244
1.45,-8.52713180975779e-14
1.451,0.9427978041047003
1.452,0.7385957136327608
1.453,0.03897560308237746
1.454,-0.3495144944847664
1.455,-0.28366218546320415
1.456,0.2679510331098506
1.457,0.9623779916133336
1.458,0.41291481753974435
1.459,-0.9586865446022411
1.46,1.3133413124206968e-13
1.461,0.9586865446021825
1.462,-0.41291481753962117
1.463,-0.9623779916132932
1.464,-0.26795103310987134
1.465,0.283662185463238
1.466,0.3495144944847995
1.467,-0.038975603082569386
1.468,-0.7385957136326986
1.469,-0.9427978041046552
1.47,4.99767310566706e-14
1.471,0.9427978041047453
1.472,0.7385957136327845
1.473,0.03897560308241271
1.474,-0.3495144944847866
1.475,-0.28366218546317035
1.476,0.267951033109775
1.477,0.9623779916133741
1.478,0.4129148175395569
1.479,-0.9586865446022026
1.48,-3.9139179121788235e-15
1.481,0.958686544602124
1.482,-0.4129148175395498
1.483,-0.9623779916133299
1.484,-0.2679510331097826
1.485,0.2836621854632719
1.486,0.3495144944847793
1.487,-0.03897560308253414
1.488,-0.7385957136327899
1.489,-0.9427978041046101
1.49,-4.2148895232312953e-14
1.491,0.9427978041047147
1.492,0.7385957136327317
1.493,0.038975603082334366
1.494,-0.3495144944847535
1.495,-0.283662185463191
1.496,0.2679510331098638
1.497,0.9623779916133528
1.498,0.41291481753968007
1.499,-0.9586865446022612
1.5,-1.3916196706642733e-13
1.501,0.9586865446022594
1.502,-0.41291481753968545
1.503,-0.9623779916133512
1.504,-0.2679510331098581
1.505,0.28366218546319666
1.506,0.3495144944847591
1.507,-0.038975603082328475
1.508,-0.7385957136327277
1.509,-0.9427978041047166
1.51,9.309915392193555e-14
1.511,0.9427978041046271
1.512,0.7385957136327554
1.513,0.038975603082483226
1.514,-0.34951449448477373
1.515,-0.2836621854632662
1.516,0.26795103310984303
1.517,0.9623779916133315
1.518,0.41291481753949266
1.519,-0.9586865446021257
1.52,6.665049694417225e-14
1.521,0.9586865446022009
1.522,-0.41291481753961407
1.523,-0.9623779916133726
1.524,-0.26795103310976937
1.525,0.283662185463176
1.526,0.3495144944847921
1.527,-0.03897560308240682
1.528,-0.738595713632819
1.529,-0.9427978041047284
1.53,9.73527632951999e-16
1.531,0.9427978041046722
1.532,0.7385957136327026
1.533,0.038975603082518476
1.534,-0.34951449448479394
1.535,-0.28366218546323235
1.536,0.2679510331099318
1.537,0.9623779916133102
1.538,0.41291481753961584
1.539,-0.9586865446021842
1.54,-6.859755221007625e-14
1.541,0.9586865446022232
1.542,-0.41291481753974973
1.543,-0.962377991613332
1.544,-0.2679510331098449
1.545,0.2836621854632098
1.546,0.3495144944847719
1.547,-0.038975603082371565
1.548,-0.7385957136327568
1.549,-0.9427978041046833
1.55,1.362215767872005e-13
1.551,0.9427978041046414
1.552,0.7385957136327264
1.553,0.03897560308249693
1.554,-0.34951449448481414
1.555,-0.28366218546325306
1.556,0.26795103310985624
1.557,0.9623779916133507
1.558,0.412914817539739
1.559,-0.9586865446021618
1.56,1.3721491180052333e-13
1.561,0.9586865446021647
1.562,-0.4129148175396783
1.563,-0.9623779916133534
1.564,-0.26795103310975615
1.565,0.28366218546318916
1.566,0.3495144944847517
1.567,-0.03897560308244991
1.568,-0.7385957136328479
1.569,-0.942797804104714
1.57,4.409595049821695e-14
1.571,0.9427978041046866
1.572,0.7385957136326735
1.573,0.03897560308253219
1.574,-0.3495144944847811
1.575,-0.2836621854632192
1.576,0.267951033109945
1.577,0.9623779916133139
1.578,0.41291481753955156
1.579,-0.9586865446022205
1.58,1.9668626462748253e-15
1.581,0.9586865446022032
1.582,-0.41291481753981396
1.583,-0.9623779916133747
1.584,-0.2679510331097769
1.585,0.28366218546322297
1.586,0.34951449448473154
1.587,-0.038975603082414656
1.588,-0.7385957136327859
1.589,-0.942797804104669
1.59,1.7934399965246546e-13
1.591,0.9427978041046559
1.592,0.7385957136326974
1.593,0.03897560308245385
1.594,-0.3495144944848013
1.595,-0.2836621854632399
1.596,0.26795103310986945
1.597,0.9623779916133544
1.598,0.41291481753967474
1.599,-0.958686544602182
1.6,2.077793266568744e-13
1.601,0.9586865446021446
1.602,-0.4129148175397426
1.603,-0.9623779916133341
1.604,-0.26795103310968815
1.605,0.2836621854632023
1.606,0.34951449448476457
1.607,-0.038975603082493
1.608,-0.738595713632877
1.609,-0.9427978041046996
1.61,8.72183733634819e-14
1.611,0.9427978041047009
1.612,0.7385957136326445
1.613,0.038975603082489096
1.614,-0.34951449448476823
1.615,-0.28366218546320604
1.616,0.2679510331098487
1.617,0.9623779916133332
1.618,0.4129148175394873
1.619,-0.9586865446022406
1.62,7.25312775026259e-14
1.621,0.958686544602183
1.622,-0.41291481753993003
1.623,-0.9623779916133555
1.624,-0.2679510331097089
1.625,0.2836621854632361
1.626,0.3495144944848509
1.627,-0.038975603082457747
1.628,-0.7385957136327
1.629,-0.9427978041046735
1.63,-1.754375095079257e-13
1.631,0.942797804104746
1.632,0.7385957136329365
1.633,0.038975603082410756
1.634,-0.34951449448478844
1.635,-0.28366218546322675
1.636,0.26795103310977314
1.637,0.9623779916133118
1.638,0.4129148175398693
1.639,-0.9586865446022991
1.64,-4.037772848164707e-13
1.641,0.9586865446021408
1.642,-0.41291481753980686
1.643,-0.9623779916133305
1.644,-0.2679510331098392
1.645,0.2836621854632155
1.646,0.3495144944848307
1.647,-0.038975603082365695
1.648,-0.7385957136326379
1.649,-0.9427978041046284
1.65,-2.6756313579690925e-13
1.651,0.9427978041047154
1.652,0.7385957136327687
1.653,0.03897560308244601
1.654,-0.34951449448475536
1.655,-0.2836621854632474
1.656,0.2679510331096976
1.657,0.9623779916134141
1.658,0.41291481753994075
1.659,-0.9586865446022605
1.66,1.4309569235897698e-13
1.661,0.9586865446021469
1.662,-0.4129148175396837
1.663,-0.9623779916133363
1.664,-0.26795103310986
1.665,0.28366218546319477
1.666,0.3495144944848105
1.667,-0.03897560308261444
1.668,-0.7385957136326524
1.669,-0.9427978041046591
1.67,9.505858880057131e-14
1.671,0.9427978041046846
1.672,0.7385957136327542
1.673,0.038975603082538064
1.674,-0.34951449448477556
1.675,-0.2836621854631591
1.676,0.26795103310967683
1.677,0.9623779916133773
1.678,0.4129148175395462
1.679,-0.9586865446022221
1.68,7.847643204728474e-15
1.681,0.9586865446021853
1.682,-0.4129148175395605
1.683,-0.962377991613373
1.684,-0.2679510331098808
1.685,0.28366218546328315
1.686,0.3495144944847903
1.687,-0.03897560308252238
1.688,-0.7385957136328202
1.689,-0.942797804104652
1.69,2.932962511587764e-15
1.691,0.9427978041046539
1.692,0.7385957136328163
1.693,0.03897560308228932
1.694,-0.34951449448479577
1.695,-0.28366218546317973
1.696,0.2679510331098751
1.697,0.9623779916133715
1.698,0.41291481753966935
1.699,-0.9586865446021836
1.7,-1.2740040594952003e-13
1.701,0.9586865446022238
1.702,-0.41291481753954085
1.703,-0.9623779916132862
1.704,-0.26795103311001106
1.705,0.28366218546326244
1.706,0.34951449448477007
1.707,-0.03897560308254393
1.708,-0.7385957136327581
1.709,-0.9427978041046826
1.71,-8.919266377739579e-14
1.711,0.9427978041047748
1.712,0.7385957136328783
1.713,0.03897560308238138
1.714,-0.349514494484816
1.715,-0.28366218546320043
1.716,0.26795103310985435
1.717,0.9623779916133347
1.718,0.412914817539689
1.719,-0.9586865446021452
1.72,-2.6264845510376856e-13
1.721,0.9586865446020683
1.722,-0.41291481753941767
1.723,-0.9623779916132921
1.724,-0.26795103310970325
1.725,0.2836621854632418
1.726,0.34951449448474986
1.727,-0.03897560308245187
1.728,-0.738595713632696
1.729,-0.9427978041045617
1.73,-1.8131829006637935e-13
1.731,0.942797804104744
1.732,0.7385957136327106
1.733,0.03897560308235983
1.734,-0.34951449448472965
1.735,-0.2836621854632211
1.736,0.2679510331098336
1.737,0.9623779916133288
1.738,0.4129148175398122
1.739,-0.9586865446023007
1.74,3.9791135979329514e-13
1.741,0.9586865446021067
1.742,-0.4129148175398122
1.743,-0.9623779916133288
1.744,-0.26795103310983354
1.745,0.2836621854632211
1.746,0.34951449448472965
1.747,-0.03897560308258702
1.748,-0.7385957136327106
1.749,-0.9427978041045925
1.75,1.8130343453110122e-13
1.751,0.9427978041045617
1.752,0.738595713632696
1.753,0.03897560308245188
1.754,-0.34951449448474986
1.755,-0.2836621854632418
1.756,0.26795103310970325
1.757,0.9623779916132921
1.758,0.41291481753941767
1.759,-0.9586865446020683
1.76,2.6266331063904664e-13
1.761,0.9586865446021452
1.762,-0.412914817539689
1.763,-0.9623779916133347
1.764,-0.26795103310985435
1.765,0.28366218546320043
1.766,0.349514494484816
1.767,-0.03897560308238136
1.768,-0.7385957136328783
1.769,-0.9427978041047748
1.77,8.917780824211766e-14
1.771,0.9427978041046826
1.772,0.7385957136327581
1.773,0.03897560308254394
1.774,-0.34951449448477007
1.775,-0.28366218546326244
1.776,0.26795103311001106
1.777,0.9623779916132862
1.778,0.41291481753954085
1.779,-0.9586865446022238
1.78,1.2741526148479816e-13
1.781,0.9586865446021836
1.782,-0.4129148175396694
1.783,-0.9623779916133715
1.784,-0.2679510331098751
1.785,0.28366218546317973
1.786,0.34951449448479577
1.787,-0.038975603082289305
1.788,-0.7385957136328163
1.789,-0.9427978041046539
1.79,-2.9478180468658846e-15
1.791,0.942797804104652
1.792,0.7385957136328203
1.793,0.038975603082522396
1.794,-0.3495144944847903
1.795,-0.2836621854632831
1.796,0.2679510331098808
1.797,0.962377991613373
1.798,0.4129148175395605
1.799,-0.9586865446021853
1.8,-7.832787669450353e-15
1.801,0.9586865446022221
1.802,-0.41291481753954623
1.803,-0.9623779916133773
1.804,-0.26795103310967683
1.805,0.2836621854631591
1.806,0.3495144944847756
1.807,-0.03897560308253805
1.808,-0.7385957136327542
1.809,-0.9427978041046846
1.81,-9.507344433584944e-14
1.811,0.9427978041046591
1.812,0.7385957136326524
1.813,0.038975603082614454
1.814,-0.3495144944848105
1.815,-0.28366218546319477
1.816,0.26795103310986
1.817,0.9623779916133363
1.818,0.4129148175396837
1.819,-0.9586865446021469
1.82,-1.4308083682369885e-13
1.821,0.9586865446022605
1.822,-0.41291481753994075
1.823,-0.9623779916134141
1.824,-0.2679510331096976
1.825,0.2836621854632474
1.826,0.3495144944847554
1.827,-0.03897560308244599
1.828,-0.738595713632692
1.829,-0.9427978041047154
1.83,2.675482802616311e-13
1.831,0.9427978041046284
1.832,0.7385957136326379
1.833,0.03897560308236571
1.834,-0.3495144944848307
1.835,-0.2836621854632154
1.836,0.26795103310983925
1.837,0.9623779916133305
1.838,0.41291481753980686
1.839,-0.9586865446021408
1.84,4.037921403517488e-13
1.841,0.958686544602105
1.842,-0.41291481753981757
1.843,-0.9623779916133273
1.844,-0.2679510331098279
1.845,0.28366218546322675
1.846,0.3495144944847352
1.847,-0.03897560308246754
1.848,-0.7385957136329365
1.849,-0.942797804104746
1.85,1.7542265397264757e-13
1.851,0.9427978041047114
1.852,0.7385957136327
1.853,0.03897560308245776
1.854,-0.34951449448474436
1.855,-0.2836621854632361
1.856,0.2679510331097089
1.857,0.9623779916132937
1.858,0.4129148175394123
1.859,-0.958686544602264
1.86,2.685440911975003e-13
1.861,0.9586865446021435
1.862,-0.4129148175397979
1.863,-0.9623779916133332
1.864,-0.2679510331098487
1.865,0.28366218546320604
1.866,0.349514494484715
1.867,-0.038975603082375486
1.868,-0.7385957136328745
1.869,-0.9427978041046251
1.87,8.329702768366403e-14
1.871,0.9427978041047186
1.872,0.7385957136327621
1.873,0.038975603082436215
1.874,-0.3495144944848711
1.875,-0.2836621854632568
1.876,0.26795103310968815
1.877,0.9623779916134114
1.878,0.41291481753994963
1.879,-0.9586865446022578
1.88,1.332960420432518e-13
1.881,0.958686544602182
1.882,-0.41291481753967474
1.883,-0.9623779916133699
1.884,-0.26795103310986945
1.885,0.2836621854631854
1.886,0.3495144944848013
1.887,-0.03897560308251063
1.888,-0.7385957136325824
1.889,-0.9427978041046559
1.89,-8.828598605319534e-15
1.891,0.9427978041046878
1.892,0.7385957136328242
1.893,0.03897560308252827
1.894,-0.3495144944847848
1.895,-0.28366218546316846
1.896,0.2679510331096674
1.897,0.9623779916133747
1.898,0.4129148175395551
1.899,-0.9586865446022194
1.9,-1.952007110996705e-15
1.901,0.9586865446022205
1.902,-0.41291481753955156
1.903,-0.9623779916133757
1.904,-0.2679510331098902
1.905,0.2836621854632737
1.906,0.3495144944847811
1.907,-0.03897560308253217
1.908,-0.7385957136327502
1.909,-0.9427978041046866
1.91,-1.0095422489430308e-13
1.911,0.9427978041046572
1.912,0.7385957136328097
1.913,0.038975603082393125
1.914,-0.34951449448469846
1.915,-0.2836621854631891
1.916,0.2679510331098657
1.917,0.9623779916133688
1.918,0.4129148175396783
1.919,-0.9586865446021808
1.92,-1.372000562652452e-13
1.921,0.9586865446022589
1.922,-0.4129148175394284
1.923,-0.9623779916132889
1.924,-0.2679510331100205
1.925,0.28366218546325306
1.926,0.3495144944847609
1.927,-0.03897560308244012
1.928,-0.7385957136327647
1.929,-0.9427978041047173
1.93,-1.9307985118328665e-13
1.931,0.9427978041047781
1.932,0.7385957136328718
1.933,0.038975603082371586
1.934,-0.3495144944848252
1.935,-0.2836621854632098
1.936,0.2679510331098449
1.937,0.962377991613332
1.938,0.41291481753980147
1.939,-0.9586865446021424
1.94,-2.7244810541949373e-13
1.941,0.9586865446021033
1.942,-0.4129148175399265
1.943,-0.9623779916132947
1.944,-0.2679510331097127
1.945,0.2836621854632324
1.946,0.3495144944847407
1.947,-0.03897560308246166
1.948,-0.7385957136327026
1.949,-0.9427978041045963
1.95,-1.7151863975065417e-13
1.951,0.9427978041047473
1.952,0.7385957136327039
1.953,0.03897560308246364
1.954,-0.34951449448473887
1.955,-0.28366218546323047
1.956,0.26795103310982415
1.957,0.9623779916132953
1.958,0.4129148175398211
1.959,-0.958686544602298
1.96,2.7442487175595394e-13
1.961,0.9586865446021419
1.962,-0.4129148175398033
1.963,-0.9623779916133315
1.964,-0.267951033109843
1.965,0.2836621854632117
1.966,0.349514494484827
1.967,-0.03897560308259681
1.968,-0.7385957136326405
1.969,-0.9427978041046271
1.97,1.911030848468264e-13
1.971,0.9427978041047166
1.972,0.7385957136327661
1.973,0.03897560308244209
1.974,-0.3495144944847591
1.975,-0.28366218546314215
1.976,0.2679510331096938
1.977,0.962377991613413
1.978,0.4129148175394266
1.979,-0.9586865446022594
1.98,1.3917682260170546e-13
1.981,0.9586865446021803
1.982,-0.4129148175396801
1.983,-0.9623779916133374
1.984,-0.2679510331098638
1.985,0.2836621854633
1.986,0.3495144944848068
1.987,-0.038975603082618354
1.988,-0.7385957136328083
1.989,-0.9427978041046579
1.99,9.897745855784285e-14
1.991,0.9427978041046859
1.992,0.7385957136327516
1.993,0.03897560308230695
1.994,-0.3495144944847792
1.995,-0.2836621854631628
1.996,0.2679510331098921
1.997,0.9623779916133762
1.998,0.4129148175395498
1.999,-0.958686544602221
2.0,3.928773447456944e-15
2.001,0.9586865446022188
2.002,-0.41291481753955694
2.003,-0.9623779916132505
2.004,-0.26795103310988455
2.005,0.28366218546317035
2.006,0.3495144944847866
2.007,-0.038975603082526296
2.008,-0.7385957136328228
2.009,-0.9427978041046885
2.01,6.851832268859294e-15
2.011,0.9427978041048068
2.012,0.7385957136328136
2.013,0.038975603082512605
2.014,-0.34951449448469296
2.015,-0.2836621854631835
2.016,0.26795103310987134
2.017,0.9623779916133703
2.018,0.41291481754019066
2.019,-0.9586865446021825
2.02,-1.3131927570679155e-13
2.021,0.9586865446022249
2.022,-0.41291481753943376
2.023,-0.9623779916132873
2.024,-0.26795103310968627
2.025,0.2836621854631497
2.026,0.3495144944847664
2.027,-0.038975603082434244
2.028,-0.7385957136327608
2.029,-0.9427978041046814
2.03,-8.527379402012426e-14
2.031,0.9427978041047761
2.032,0.7385957136326459
2.033,0.03897560308260466
2.034,-0.3495144944847131
2.035,-0.28366218546320415
2.036,0.2679510331098506
2.037,0.9623779916133336
2.038,0.41291481753969256
2.039,-0.9586865446023382
2.04,-2.665673248610401e-13
2.041,0.9586865446022634
2.042,-0.4129148175394141
2.043,-0.9623779916132932
2.044,-0.267951033109707
2.045,0.283662185463238
2.046,0.3495144944847462
2.047,-0.03897560308268299
2.048,-0.7385957136326986
2.049,-0.942797804104712
2.05,-1.7739942030910782e-13
2.051,0.9427978041047453
2.052,0.7385957136327079
2.053,0.03897560308235591
2.054,-0.3495144944847333
2.055,-0.28366218546322486
2.056,0.2679510331098298
2.057,0.9623779916133278
2.058,0.41291481753981574
2.059,-0.9586865446022996
2.06,2.803056523144076e-13
2.061,0.9586865446021078
2.062,-0.41291481753929093
2.063,-0.9623779916133299
2.064,-0.2679510331098373
2.065,0.28366218546321736
2.066,0.3495144944848325
2.067,-0.03897560308259093
2.068,-0.7385957136328665
2.069,-0.9427978041047428
2.07,-2.695250465980914e-13
2.071,0.9427978041047147
2.072,0.7385957136326934
2.073,0.03897560308244797
2.074,-0.3495144944847535
2.075,-0.2836621854631365
2.076,0.2679510331100281
2.077,0.9623779916132911
2.078,0.4129148175399389
2.079,-0.9586865446022612
2.08,1.450576031601591e-13
2.081,0.9586865446021463
2.082,-0.41291481753968545
2.083,-0.9623779916132122
2.084,-0.2679510331098581
2.085,0.28366218546319666
2.086,0.3495144944848123
2.087,-0.03897560308261248
2.088,-0.738595713632881
2.089,-0.9427978041046219
2.09,-3.6165067288707493e-13
2.091,0.942797804104684
2.092,0.7385957136327554
2.093,0.03897560308254003
2.094,-0.34951449448477373
2.095,-0.2836621854631572
2.096,0.2679510331100073
2.097,0.9623779916133779
2.098,0.4129148175400621
2.099,-0.9586865446022227
2.1,9.809554005910592e-15
2.101,0.9586865446021847
2.102,-0.4129148175395623
2.103,-0.962377991613249
2.104,-0.26795103310965984
2.105,0.283662185463176
2.106,0.3495144944847921
2.107,-0.03897560308252042
2.108,-0.738595713632819
2.109,-0.9427978041046526
2.11,9.710517104056455e-16
2.111,0.9427978041048048
2.112,0.7385957136325877
2.113,0.03897560308251848
2.114,-0.34951449448479394
2.115,-0.28366218546317784
2.116,0.267951033109877
2.117,0.962377991613372
2.118,0.41291481753956405
2.119,-0.9586865446023782
2.12,-1.254384951483379e-13
2.121,0.9586865446022232
2.122,-0.4129148175395426
2.123,-0.9623779916132857
2.124,-0.2679510331096806
2.125,0.2836621854632643
2.126,0.3495144944847719
2.127,-0.038975603082314764
2.128,-0.7385957136327568
2.129,-0.9427978041046833
2.13,-9.11545745785779e-14
2.131,0.9427978041046225
2.132,0.7385957136326498
2.133,0.038975603082383334
2.134,-0.3495144944847076
2.135,-0.28366218546330757
2.136,0.26795103310985624
2.137,0.9623779916133353
2.138,0.41291481753968723
2.139,-0.9586865446021458
2.14,5.351213197487258e-13
2.141,0.9586865446022617
2.142,-0.41291481753941944
2.143,-0.9623779916134151
2.144,-0.26795103310970136
2.145,0.2836621854632437
2.146,0.3495144944847517
2.147,-0.03897560308244991
2.148,-0.7385957136329246
2.149,-0.942797804104714
2.15,-1.8328020086756147e-13
2.151,0.9427978041045918
2.152,0.7385957136326353
2.153,0.03897560308236179
2.154,-0.34951449448483435
2.155,-0.2836621854633282
2.156,0.2679510331098355
2.157,0.9623779916133294
2.158,0.4129148175398104
2.159,-0.9586865446021072
2.16,3.9987327059447727e-13
2.161,0.9586865446021061
2.162,-0.412914817539814
2.163,-0.9623779916134518
2.164,-0.26795103310983165
2.165,0.28366218546322297
2.166,0.34951449448473154
2.167,-0.038975603082357854
2.168,-0.7385957136329392
2.169,-0.9427978041045931
2.17,-2.7540582715654503e-13
2.171,0.942797804104599
2.172,0.7385957136326974
2.173,0.03897560308245385
2.174,-0.34951449448474803
2.175,-0.2836621854632399
2.176,0.26795103311003377
2.177,0.9623779916134162
2.178,0.4129148175399336
2.179,-0.9586865446021011
2.18,2.6462522144022876e-13
2.181,0.9586865446021446
2.182,-0.41291481753969084
2.183,-0.9623779916133341
2.184,-0.26795103310952384
2.185,0.2836621854632023
2.186,0.34951449448481786
2.187,-0.0389756030823794
2.188,-0.738595713632877
2.189,-0.9427978041046239
2.19,8.721589744093555e-14
2.191,0.9427978041045683
2.192,0.7385957136327594
2.193,0.0389756030824323
2.194,-0.34951449448476823
2.195,-0.28366218546326055
2.196,0.267951033110013
2.197,0.9623779916134103
2.198,0.41291481753953907
2.199,-0.9586865446020627
2.2,1.2937717228598028e-13
2.201,0.958686544602183
2.202,-0.4129148175396712
2.203,-0.9623779916133709
2.204,-0.2679510331096542
2.205,0.28366218546329064
2.206,0.34951449448479766
2.207,-0.03897560308228734
2.208,-0.738595713632815
2.209,-0.9427978041046545
2.21,-4.909728848048003e-15
2.211,0.9427978041046892
2.212,0.7385957136325916
2.213,0.03897560308229715
2.214,-0.34951449448478844
2.215,-0.28366218546328126
2.216,0.26795103310988266
2.217,0.9623779916133736
2.218,0.41291481753955867
2.219,-0.9586865446021858
2.22,6.762501494614279e-13
2.221,0.9586865446022216
2.222,-0.412914817539548
2.223,-0.9623779916133768
2.224,-0.26795103310967494
2.225,0.28366218546327
2.226,0.34951449448477745
2.227,-0.038975603082308886
2.228,-0.7385957136329827
2.229,-0.9427978041046853
2.23,-9.703535513703156e-14
2.231,0.9427978041046584
2.232,0.738595713632577
2.233,0.03897560308238921
2.234,-0.34951449448480865
2.235,-0.2836621854633019
2.236,0.2679510331098619
2.237,0.9623779916133368
2.238,0.41291481753968184
2.239,-0.9586865446021797
2.24,5.410021003071795e-13
2.241,0.958686544602066
2.242,-0.4129148175394248
2.243,-0.9623779916134135
2.244,-0.2679510331096957
2.245,0.2836621854632493
2.246,0.34951449448475724
2.247,-0.038975603082444035
2.248,-0.7385957136329973
2.249,-0.9427978041045644
2.25,-1.891609814260151e-13
2.251,0.9427978041046278
2.252,0.7385957136328691
2.253,0.038975603082367666
2.254,-0.34951449448482885
2.255,-0.2836621854632136
2.256,0.2679510331095125
2.257,0.9623779916133309
2.258,0.412914817539805
2.259,-0.9586865446021413
2.26,-2.7636697517676526e-13
2.261,0.9586865446021045
2.262,-0.41291481753981935
2.263,-0.9623779916132958
2.264,-0.2679510331100451
2.265,0.28366218546322863
2.266,0.34951449448473704
2.267,-0.03897560308246558
2.268,-0.7385957136327053
2.269,-0.9427978041045951
2.27,1.7346074317146547e-13
2.271,0.942797804104597
2.272,0.7385957136329313
2.273,0.038975603082459724
2.274,-0.34951449448474253
2.275,-0.28366218546323424
2.276,0.2679510331097108
2.277,0.9623779916134177
2.278,0.4129148175394105
2.279,-0.9586865446021028
2.28,-4.1161502433101376e-13
2.281,0.958686544602143
2.282,-0.4129148175397997
2.283,-0.9623779916133326
2.284,-0.2679510331098468
2.285,0.28366218546331695
2.286,0.34951449448482336
2.287,-0.03897560308237352
2.288,-0.7385957136326431
2.289,-0.9427978041046258
2.29,8.13351168824819e-14
2.291,0.9427978041047179
2.292,0.7385957136329934
2.293,0.03897560308243818
2.294,-0.34951449448476274
2.295,-0.28366218546325495
2.296,0.26795103310969004
2.297,0.962377991613412
2.298,0.41291481753943016
2.299,-0.9586865446022583
2.3,-5.468630734852623e-13
2.301,0.9586865446021814
2.302,-0.4129148175396765
2.303,-0.9623779916133693
2.304,-0.26795103310986756
2.305,0.2836621854632963
2.306,0.3495144944846966
2.307,-0.03897560308228147
2.308,-0.738595713632581
2.309,-0.9427978041046565
2.31,-1.0790509406501652e-14
2.311,0.9427978041046872
2.312,0.7385957136328255
2.313,0.03897560308230303
2.314,-0.34951449448478294
2.315,-0.2836621854632756
2.316,0.2679510331096693
2.317,0.9623779916133752
2.318,0.41291481753955334
2.319,-0.9586865446022199
2.32,9.903690185413723e-18
2.321,0.9586865446020258
2.322,-0.41291481753955334
2.323,-0.9623779916133752
2.324,-0.2679510331098883
2.325,0.2836621854632756
2.326,0.34951449448478294
2.327,-0.038975603082530216
2.328,-0.7385957136325956
2.329,-0.9427978041045356
2.33,1.0770702026130824e-14
2.331,0.9427978041046565
2.332,0.738595713632811
2.333,0.038975603082281485
2.334,-0.34951449448480315
2.335,-0.2836621854631873
2.336,0.2679510331096485
2.337,0.9623779916133693
2.338,0.4129148175396765
2.339,-0.9586865446021814
2.34,-1.352381454640631e-13
2.341,0.9586865446020644
2.342,-0.4129148175399479
2.343,-0.962377991613412
2.344,-0.2679510331100186
2.345,0.28366218546325495
2.346,0.34951449448476274
2.347,-0.03897560308243816
2.348,-0.7385957136327634
2.349,-0.9427978041045664
2.35,3.733924266236114e-13
2.351,0.9427978041046258
2.352,0.7385957136328731
2.353,0.03897560308237354
2.354,-0.3495144944848233
2.355,-0.2836621854632079
2.356,0.2679510331098468
2.357,0.9623779916134562
2.358,0.4129148175397997
2.359,-0.958686544602143
2.36,-2.704861946183116e-13
2.361,0.9586865446021028
2.362,-0.41291481753992826
2.363,-0.9623779916132942
2.364,-0.2679510331097108
2.365,0.28366218546334326
2.366,0.34951449448474253
2.367,-0.0389756030824597
2.368,-0.7385957136327013
2.369,-0.942797804104597
2.37,2.812668003346278e-13
2.371,0.9427978041047467
2.372,0.7385957136329352
2.373,0.0389756030824656
2.374,-0.34951449448473704
2.375,-0.2836621854632286
2.376,0.26795103310982604
2.377,0.9623779916132958
2.378,0.4129148175393016
2.379,-0.9586865446022985
2.38,-4.057342437725601e-13
2.381,0.958686544602303
2.382,-0.4129148175398051
2.383,-0.9623779916133309
2.384,-0.2679510331098411
2.385,0.2836621854632136
2.386,0.3495144944847223
2.387,-0.038975603082367645
2.388,-0.7385957136326392
2.389,-0.9427978041047415
2.39,1.891411740456443e-13
2.391,0.9427978041047159
2.392,0.7385957136327674
2.393,0.038975603082671256
2.394,-0.3495144944847572
2.395,-0.2836621854632493
2.396,0.2679510331096957
2.397,0.96237799161329
2.398,0.41291481753942477
2.399,-0.95868654460226
2.4,1.4113873340288756e-13
2.401,0.9586865446023415
2.402,-0.4129148175396819
2.403,-0.9623779916133368
2.404,-0.2679510331098619
2.405,0.2836621854631929
2.406,0.3495144944847021
2.407,-0.03897560308261639
2.408,-0.7385957136325771
2.409,-0.9427978041047722
2.41,9.701554775666073e-14
2.411,0.9427978041046853
2.412,0.7385957136327529
2.413,0.03897560308253611
2.414,-0.3495144944847774
2.415,-0.28366218546316097
2.416,0.26795103310967494
2.417,0.9623779916132532
2.418,0.41291481753954795
2.419,-0.9586865446022216
2.42,5.8906842486390624e-15
2.421,0.9586865446021858
2.422,-0.4129148175400764
2.423,-0.9623779916133736
2.424,-0.26795103310988266
2.425,0.28366218546317223
2.426,0.34951449448478844
2.427,-0.03897560308252434
2.428,-0.7385957136328215
2.429,-0.9427978041048029
2.43,4.596372723541413e-13
2.431,0.9427978041046545
2.432,0.738595713632815
2.433,0.03897560308251456
2.434,-0.3495144944847976
2.435,-0.2836621854631816
2.436,0.2679510331098732
2.437,0.9623779916132473
2.438,0.41291481753967113
2.439,-0.958686544602183
2.44,-1.2935736490560945e-13
2.441,0.9586865446022244
2.442,-0.41291481754005677
2.443,-0.9623779916132867
2.444,-0.26795103311001295
2.445,0.2836621854631516
2.446,0.34951449448476823
2.447,-0.03897560308243228
2.448,-0.7385957136327594
2.449,-0.942797804104682
2.45,3.675116460651577e-13
2.451,0.9427978041047754
2.452,0.738595713632877
2.453,0.03897560308260662
2.454,-0.3495144944848178
2.455,-0.28366218546320227
2.456,0.26795103310985247
2.457,0.9623779916133341
2.458,0.4129148175391731
2.459,-0.9586865446021446
2.46,-2.6460541405985796e-13
2.461,0.9586865446022628
2.462,-0.4129148175399336
2.463,-0.9623779916132926
2.464,-0.26795103310970514
2.465,0.2836621854632399
2.466,0.34951449448474803
2.467,-0.038975603082453826
2.468,-0.7385957136326974
2.469,-0.9427978041047127
2.47,2.7538601977617417e-13
2.471,0.9427978041047447
2.472,0.7385957136327093
2.473,0.038975603082585075
2.474,-0.3495144944847315
2.475,-0.28366218546322297
2.476,0.2679510331098317
2.477,0.9623779916133283
2.478,0.41291481753929626
2.479,-0.9586865446023002
2.48,2.822675631155897e-13
2.481,0.9586865446023013
2.482,-0.4129148175398104
2.483,-0.9623779916133294
2.484,-0.2679510331098354
2.485,0.28366218546321925
2.486,0.3495144944847278
2.487,-0.038975603082588975
2.488,-0.7385957136326352
2.489,-0.9427978041047435
2.49,1.8326039348719064e-13
2.491,0.942797804104714
2.492,0.7385957136326947
2.493,0.03897560308244993
2.494,-0.3495144944848582
2.495,-0.2836621854632436
2.496,0.26795103310970136
2.497,0.9623779916132915
2.498,0.41291481753941944
2.499,-0.9586865446022618
2.5,1.470195139613412e-13
2.501,0.9586865446021458
2.502,-0.41291481753916953
2.503,-0.9623779916133353
2.504,-0.26795103310985624
2.505,0.28366218546319855
2.506,0.34951449448481414
2.507,-0.03897560308261051
2.508,-0.7385957136328797
2.509,-0.9427978041047741
2.51,-3.6361258368825706e-13
2.511,0.9427978041046833
2.512,0.7385957136327568
2.513,0.038975603082541985
2.514,-0.3495144944847719
2.515,-0.2836621854631553
2.516,0.26795103311000923
2.517,0.9623779916132857
2.518,0.4129148175400603
2.519,-0.9586865446022232
2.52,1.2545830252870873e-13
2.521,0.9586865446021842
2.522,-0.41291481753956405
2.523,-0.9623779916132484
2.524,-0.267951033109877
2.525,0.2836621854631779
2.526,0.34951449448479394
2.527,-0.03897560308251846
2.528,-0.7385957136328175
2.529,-0.9427978041046532
2.53,-4.557382099772406e-13
2.531,0.9427978041048042
2.532,0.738595713632819
2.533,0.03897560308252044
2.534,-0.3495144944847921
2.535,-0.28366218546317595
2.536,0.2679510331098789
2.537,0.9623779916133726
2.538,0.41291481754007997
2.539,-0.9586865446021847
2.54,-9.789746625539765e-15
2.541,0.9586865446022227
2.542,-0.4129148175395444
2.543,-0.9623779916132543
2.544,-0.2679510331096787
2.545,0.2836621854631572
2.546,0.3495144944847738
2.547,-0.03897560308254001
2.548,-0.7385957136327554
2.549,-0.942797804104684
2.55,-9.311648537976003e-14
2.551,0.9427978041047734
2.552,0.7385957136326511
2.553,0.0389756030826125
2.554,-0.3495144944847058
2.555,-0.28366218546319666
2.556,0.2679510331098581
2.557,0.9623779916133358
2.558,0.41291481753968545
2.559,-0.9586865446023404
